﻿<?xml version="1.0" encoding="utf-8"?>
<DownloadTask>
  <ProjectInfo
    DeviceVersion="15.1.0.0"
    CreationTime="2021-04-12 15:26:45 (UTC)"
    Runtime="COLORADO"
    RtProjectName="RTS-Template.PLC-ET200SP[CPU 1515SP PC - WinCC RT Advanced]"
    RtProjectFolderName="RTS-Template.PLC-ET200SP[CPU 1515SP PC - WinCC RT Advanced]"
    DeviceType="PC-OP"
    DisplayOrientation="0"
    RTReleaseNo="15.1.0.0"
    ImageReleaseNo="15.1.0.0"
    RTCV="15.1.0.0"
    PRCV="15.1.0.0"
    FirmwareFileName=""
    RuntimeFileName=""
    RuntimeAddonFolderName="" />
  <FullDownload>pdata.fwc</FullDownload>
  <FullDownload
    type="ADMINDATA">pdata.pwx</FullDownload>
  <FullDownload>pdata.tfz</FullDownload>
  <FullDownload>ProjectSettings.hsf</FullDownload>
  <License
    type="WCRT011500">WinCC RT Advanced (128)</License>
</DownloadTask>